Country,1990
Russia,1635.4099999999999
"United States",1141.15
China,947.3700000000001
India,591.02
Indonesia,426.87999999999994
