Country,2018
China,1978.53
Russia,1536.55
"United States",917.37
India,768.4200000000002
Brazil,436.28000000000003
