Catagory,CH4_Emissions
"Top 5 Countries",5637.149999999999
World,5844.260000000024
